{"cameraMode":{"drawMode":0,"name":"Shaded","section":"Shading Mode"},"sceneLighting":true,"audioPlay":false,"sceneViewState":{"showFog":true,"showMaterialUpdate":false,"showSkybox":true,"showFlares":true,"showImageEffects":true,"showParticleSystems":true},"in2DMode":false,"pivot":{"x":-0.43968820571899416,"y":2.2746355533599855,"z":29.838525772094728},"rotation":{"x":0.02270527556538582,"y":0.9728524684906006,"z":-0.20309662818908692,"w":0.10872723907232285},"size":4.993722915649414,"orthographic":false}