{"cameraMode":{"drawMode":0,"name":"Shaded","section":"Shading Mode"},"sceneLighting":true,"audioPlay":false,"sceneViewState":{"showFog":true,"showMaterialUpdate":false,"showSkybox":true,"showFlares":true,"showImageEffects":true,"showParticleSystems":true},"in2DMode":false,"pivot":{"x":-3.809788942337036,"y":-9.477737426757813,"z":2.328737258911133},"rotation":{"x":-0.3722875714302063,"y":-0.20566126704216004,"z":0.08497367054224014,"w":-0.90104740858078},"size":4.774354457855225,"orthographic":false}